{"Pressed": "'x'"}, {"Held": "'x'"}, {"Held": "'f'"}, {"Released": "'x'"}, {"Released": "'f'"}, {"Pressed": "'f'"},

{"Held": "'f'"}, {"Released": "'f'"}, {"Pressed": "'y'"}, {"Held": "'y'"}, {"Released": "'y'"}, {"Pressed": "'j'"}, {"Held": "'j'"}, {"Released": "'j'"}, {"Pressed": "'h'"}, {"Held": "'h'"}, {"Released": "'h'"}, {"Pressed": "'i'"},

{"Held": "'i'"}, {"Released": "'i'"}, {"Pressed": "'o'"}, {"Held": "'o'"}, {"Held": "'1'"}, {"Released": "'o'"}, {"Released": "1""}, {"Pressed": "'1'"}, {"Held": "'1'"}, {"Held": .'"}, {"Released": "1"}, {"Released": {"

Pressed": "'m'"}, {"Held": "'m'"}, {"Released": "'m'"}, {"Pressed": "Key.space"}, {"Held": "Key.space"},

{"Released": "Key.space"}, {"Pressed": "'b'"}, {"Held": "'b'"}, {"Held": "'g'"}, {"Released": "'b'"}, {"Released": "'g'"}, { {"Pressed": "'c'"}, {"Held": "'c'"}, {"Held": "'d'"}, {"Released": "'c'"}, {"Released": "'d'"}, {"Pressed": "'r'"},

{" Held": "'r'"}, {"Held": "'f'"}, {"Released": "'f'"}, {"Pressed": "'s'"}, {"Held": "'s'"}, {"Released": "'r'"},

{Released": "'s'"}, {"Pressed": "t""}, {"Held": "'t'"}, {"Released": "t'"}, {"Pressed": "f""}, { "Held": "'f'"}, {" {"Released": "'f'"}, {"Pressed": "'u'"}, {"Held": "'u'"}, {"Held": "'i'"}, {"Released": "'u'"}, {"Released": "1",

{"Pressed": "'j'"}, {"Held": ""j""}, {"Released": "'j'"}, {"Pressed": "'p'"}, {"Held": "'p'"}, {"Released": "'p'"}, {"Pressed": ""['"}, {"Held": "'['"}, {"Released": "'['"}, {"Pressed": "'z'"}, {"Held": "'z'"}, {"Released": "'z'"},

{"Pressed": "'d'"}, {"Held": ""d""}, {"Held": "'s'"}, {"Held": "'f'"}, {"Released": "'s'"}, {"Released": ""d'"},"

{"Released": "'f'"}, {"Pressed": "'d'"}, {"Held": "'d'"}, {"Held": "'s'"}, {"Released": "'d'"}, {"Released": "'s""}, {"Pressed": ""j""}, {"Held": ""j"}, {"Released": ""j"}, {"Pressed": ""i""}, {"Held": ""i""}, {"Held": ""u""},

{"Held": "'o'"}, {"Released": "'u'"}, {"Released": "'i'"}, {"Released": "'o'"}, {"Pressed": "'o'"}, {"Held": "'o'"}, {"Held": "'u'"}, {"Held": "'p'"}, {"Released": "'u'"}, {"Released": "'o'"}, {"Released": "'p'"}, {"Held": ""r'"}, {"Released": "'r'"},

{"Pressed": "t'"}, {"Held": "'t'"}, {"Released": "'t'"}, {"Pressed": "'r'"}, '"}, {"Released": "'r'"}, {"Pressed": "'e'"}, {"Held": "'e'"}, {"Released": "'e'"},

{"Pressed": "'r'"}, {"Held": "'r "Pressed": "'w'"}, {"Held": "'w'"}, {"Released": "'w'"}, {"Pressed": "'q'"}, {"Held": "'q'"}, {"Released": "'q'"},

{ {"Pressed": "'q'"}, {"Held": "'q'"}, {"Released": "'q'"}, {"Pressed": "Key.tab"}, {"Held": "Key.tab"}, {"Released": "Key.tab"}